C-rate,Number of cycles,Yearly profits [kEUR/MW],Levelized ROI [%],DE_profit,AT_profit,CH_profit,HU_profit,CZ_profit,DE_ROI,AT_ROI,CH_ROI,HU_ROI,CZ_ROI
0.25,1.0,34.89443266059083,36.183150927100904,37.880171472450165,38.836713841985976,28.90625890705295,18.579723875082486,50.269295206382566,51.98479018170639,77.70527223599049,-3.4190794617934444,-30.12716926952298,84.77194094912409
0.25,1.5,35.313624852051085,38.3120967657204,38.45735705745788,39.98474189827227,25.81805108004959,26.57686309918219,45.7311111252935,54.30060414514378,82.95830778135007,-13.737327689775142,-0.0523006067562477,68.09120019863954
0.25,2.0,35.60560806056551,40.169707081077846,39.797418985449745,42.01697066897966,22.545780998876925,33.010508628212,40.65736102130922,59.67727016959572,92.2571832838893,-24.670560444158866,24.142732002564173,49.44191039349889
0.33,1.0,42.79883035402841,67.04929286496672,47.10483946511179,48.34933242724795,36.72849677040249,18.711873921687374,63.09960918569244,88.99648191547391,121.23219066294561,22.716399914501096,-29.630192140071042,131.931583971984
0.33,1.5,42.147895161126335,65.41797224880023,46.517129151377105,50.19766222494497,31.47636834725568,25.577344733930808,56.97097134812313,86.63844008914384,129.68959906310096,5.168110475751519,-3.811192720372375,109.4049043363772
0.33,2.0,39.70275582892367,56.68334213108162,45.20468440253922,49.51770723739323,25.73783552679405,30.263115641186538,47.79043633670531,81.37258114438484,126.5783269131779,-14.005342032267961,13.81060185772489,75.66054277238845
0.5,1.0,59.45055857153299,132.0269920289602,66.38024153861481,68.26442711193877,53.7145965038405,20.213142869549017,88.68038483372187,166.33425061961054,212.3577513102142,79.46996162182211,-23.98436490495601,225.95736149811017
0.5,1.5,55.2421629876023,117.14835037146331,62.60268016749906,68.55140064887505,43.08897230389935,25.020733171430717,76.9470286463073,151.17772280914096,213.67085701512204,43.967872962643696,-5.904443715418324,182.82974278582827
0.5,2.0,49.595802118940554,96.62851286008427,58.495582407175,67.39492289839679,33.019858617560324,27.682841813466148,61.3858048581045,134.69901199304564,208.37915817778568,10.32518429935223,4.1069573033309865,125.6322525269068
