Year,Initial Investment [kEUR/MWh],Yearly profits [kEUR/MWh]
2023,200.0,0.0
2024,0.0,50.49282725892514
2025,0.0,51.50268380410364
2026,0.0,52.532737480185716
2027,0.0,53.583392229789425
2028,0.0,54.65506007438521
2029,0.0,55.748161275872924
2030,0.0,56.86312450139038
2031,0.0,58.00038699141819
2032,0.0,59.160394731246555
2033,0.0,60.34360262587149
Levelized ROI,98.61759058624446,98.61759058624446
