Year,Initial Investment [kEUR/MWh],Yearly profits [kEUR/MWh]
2023,200.0,0.0
2024,0.0,47.44747173440465
2025,0.0,48.39642116909274
2026,0.0,49.3643495924746
2027,0.0,50.35163658432408
2028,0.0,51.35866931601057
2029,0.0,52.385842702330784
2030,0.0,53.433559556377396
2031,0.0,54.50223074750495
2032,0.0,55.59227536245505
2033,0.0,56.704120869704155
Levelized ROI,86.63844008914384,86.63844008914384
